Draw Date,Multiplier,White1,White2,White3,White4,White5,Powerball
09/26/2020,3.0,11,21,27,36,62,24
09/30/2020,2.0,14,18,36,49,67,18
10/03/2020,2.0,18,31,36,43,47,20
10/07/2020,2.0,6,24,30,53,56,19
10/10/2020,3.0,5,18,23,40,50,18
10/14/2020,2.0,21,37,52,53,58,5
10/17/2020,2.0,6,10,31,37,44,23
10/21/2020,3.0,1,3,13,44,56,26
10/24/2020,2.0,18,20,27,45,65,6
10/28/2020,2.0,11,28,37,40,53,13
10/31/2020,3.0,2,6,40,42,55,24
11/04/2020,2.0,23,32,33,45,49,14
11/07/2020,2.0,14,16,37,48,58,18
11/11/2020,2.0,13,15,17,45,63,13
11/14/2020,2.0,7,15,18,32,45,20
11/18/2020,2.0,4,5,17,43,52,5
11/21/2020,2.0,51,54,57,60,69,11
11/25/2020,2.0,2,57,58,60,65,26
11/28/2020,2.0,8,12,18,44,51,18
12/02/2020,3.0,28,31,40,41,46,4
12/05/2020,2.0,3,4,6,48,53,10
12/09/2020,3.0,11,14,31,47,48,4
12/12/2020,2.0,17,54,56,63,69,20
12/16/2020,2.0,4,23,37,61,67,7
12/19/2020,2.0,27,32,34,43,52,13
12/23/2020,3.0,6,13,38,39,53,6
12/26/2020,2.0,10,24,27,35,53,18
12/30/2020,2.0,3,43,45,61,65,14
01/02/2021,2.0,3,4,11,41,67,5
01/06/2021,3.0,1,20,22,60,66,3
01/09/2021,2.0,14,26,38,45,46,13
01/13/2021,2.0,4,19,23,25,49,14
01/16/2021,3.0,14,20,39,65,67,2
01/20/2021,3.0,40,53,60,68,69,22
01/23/2021,3.0,5,8,17,27,28,14
01/27/2021,3.0,17,33,35,42,52,9
01/30/2021,3.0,1,2,7,52,61,4
02/03/2021,3.0,5,37,40,64,66,5
02/06/2021,2.0,1,16,48,49,65,8
02/10/2021,2.0,15,39,58,63,67,7
02/13/2021,2.0,20,28,33,63,68,20
02/17/2021,3.0,1,15,21,32,46,1
02/20/2021,10.0,4,8,22,32,58,4
02/24/2021,3.0,4,33,43,53,65,21
02/27/2021,3.0,2,28,31,44,52,18
03/03/2021,3.0,21,40,44,50,55,16
03/06/2021,4.0,11,31,50,52,58,18
03/10/2021,3.0,17,18,37,44,53,18
03/13/2021,2.0,5,11,51,56,61,2
03/17/2021,2.0,34,38,42,61,62,19
03/20/2021,3.0,1,6,22,42,61,4
03/24/2021,2.0,4,9,17,27,38,18
03/27/2021,3.0,6,14,38,39,65,6
03/31/2021,2.0,3,10,44,55,68,24
04/03/2021,2.0,1,12,17,39,53,5
04/07/2021,5.0,27,35,39,51,66,16
04/10/2021,3.0,14,16,23,50,53,3
04/14/2021,2.0,13,30,33,45,61,14
04/17/2021,2.0,10,21,26,41,49,25
04/21/2021,2.0,21,25,32,63,67,6
04/24/2021,3.0,22,36,48,59,61,22
09/23/2020,2.0,8,17,49,52,59,1
09/19/2020,4.0,11,14,23,47,57,14
09/16/2020,2.0,10,17,31,51,53,1
09/12/2020,2.0,16,17,20,53,67,4
09/09/2020,3.0,27,52,55,60,64,21
09/05/2020,2.0,15,21,22,27,47,7
09/02/2020,2.0,1,4,11,20,69,18
08/29/2020,2.0,5,21,22,29,43,10
08/26/2020,2.0,8,12,19,47,58,2
08/22/2020,3.0,19,30,36,42,66,14
08/19/2020,10.0,13,23,47,55,58,23
08/15/2020,3.0,5,12,34,45,56,3
08/12/2020,2.0,2,6,18,36,37,21
08/08/2020,3.0,2,3,14,40,51,24
08/05/2020,5.0,7,14,17,57,65,24
08/01/2020,3.0,6,25,36,43,48,24
07/29/2020,2.0,7,29,35,40,45,26
07/25/2020,2.0,5,21,36,61,62,18
07/22/2020,3.0,16,25,36,44,55,14
07/18/2020,2.0,13,16,32,58,59,9
07/15/2020,10.0,27,47,61,62,69,4
07/11/2020,2.0,14,19,61,62,64,4
07/08/2020,10.0,3,10,34,36,62,5
07/04/2020,2.0,16,21,27,60,61,6
07/01/2020,4.0,15,28,52,53,63,18
06/27/2020,2.0,9,36,49,56,62,8
06/24/2020,3.0,15,22,27,33,46,23
06/20/2020,3.0,10,31,41,63,67,5
06/17/2020,3.0,7,10,63,64,68,10
06/13/2020,3.0,2,12,32,50,65,5
06/10/2020,5.0,10,33,41,52,54,18
06/06/2020,2.0,1,17,38,68,69,18
06/03/2020,2.0,1,3,26,41,64,17
05/30/2020,2.0,13,32,41,58,60,14
05/27/2020,3.0,38,58,59,64,68,21
05/23/2020,4.0,2,8,18,21,23,16
05/20/2020,2.0,18,34,40,42,50,9
05/16/2020,2.0,8,12,26,39,42,11
05/13/2020,3.0,39,53,54,56,57,20
05/09/2020,5.0,12,18,42,48,65,19
05/06/2020,4.0,7,8,35,50,65,20
05/02/2020,5.0,13,16,33,58,68,24
04/29/2020,2.0,2,20,49,61,67,20
04/25/2020,2.0,1,3,21,47,57,18
04/22/2020,5.0,1,33,35,40,69,24
04/18/2020,2.0,4,44,46,56,63,19
04/15/2020,3.0,10,12,33,36,41,2
04/11/2020,3.0,22,29,30,42,47,17
04/08/2020,3.0,2,37,39,48,54,5
04/04/2020,3.0,8,31,39,40,43,4
04/01/2020,2.0,33,35,45,48,60,16
03/28/2020,2.0,7,40,48,55,66,11
03/25/2020,2.0,5,9,27,39,42,16
03/21/2020,2.0,2,23,40,59,69,13
03/18/2020,4.0,15,27,44,59,63,8
03/14/2020,3.0,9,23,26,30,32,8
03/11/2020,4.0,4,29,49,50,67,2
03/07/2020,2.0,7,15,21,33,62,23
03/04/2020,2.0,18,43,58,60,68,14
02/29/2020,3.0,24,44,46,50,51,13
02/26/2020,3.0,8,27,29,36,47,24
02/22/2020,3.0,25,37,39,61,62,11
02/19/2020,2.0,10,12,15,19,56,19
02/15/2020,3.0,16,32,35,36,46,3
02/12/2020,2.0,14,47,54,55,68,25
02/08/2020,2.0,35,49,50,59,66,6
02/05/2020,3.0,23,30,35,41,57,2
02/01/2020,4.0,12,33,54,57,60,13
01/29/2020,2.0,9,12,15,31,60,2
01/25/2020,2.0,2,9,17,36,67,18
01/22/2020,3.0,11,33,44,59,67,8
01/18/2020,2.0,20,24,38,56,68,18
01/15/2020,2.0,39,41,53,55,68,19
01/11/2020,2.0,3,21,23,31,59,3
01/08/2020,4.0,2,4,7,43,56,22
01/04/2020,2.0,1,11,21,25,54,7
01/01/2020,2.0,49,53,57,59,62,26
12/28/2019,2.0,20,23,39,59,60,18
12/25/2019,2.0,2,4,16,30,46,20
12/21/2019,2.0,19,31,35,50,67,14
12/18/2019,2.0,14,18,26,39,68,9
12/14/2019,3.0,3,6,12,32,64,19
12/11/2019,4.0,24,29,42,44,63,10
12/07/2019,3.0,18,42,53,62,66,25
12/04/2019,3.0,8,27,44,51,61,14
11/30/2019,4.0,15,35,42,63,68,18
11/27/2019,2.0,15,26,37,53,55,21
11/23/2019,3.0,28,35,38,61,66,23
11/20/2019,2.0,7,15,39,40,57,12
11/16/2019,3.0,14,22,26,55,63,26
11/13/2019,2.0,23,26,27,28,66,11
11/09/2019,2.0,14,17,35,38,60,25
11/06/2019,3.0,15,28,46,62,64,17
11/02/2019,2.0,3,23,32,37,58,22
10/30/2019,2.0,19,22,52,56,67,21
10/26/2019,4.0,3,20,48,54,59,4
10/23/2019,2.0,5,12,50,61,69,23
10/19/2019,2.0,14,27,29,59,65,12
10/16/2019,2.0,1,5,25,63,67,3
10/12/2019,2.0,12,29,34,53,65,23
10/09/2019,2.0,5,18,33,43,65,2
10/05/2019,2.0,6,14,36,51,54,4
10/02/2019,2.0,4,8,10,43,53,7
09/28/2019,2.0,15,23,34,51,55,4
09/25/2019,3.0,37,43,44,45,53,25
09/21/2019,2.0,1,9,22,36,68,22
09/18/2019,3.0,14,19,39,47,51,15
09/14/2019,2.0,11,27,31,36,67,11
09/11/2019,3.0,6,17,24,53,57,3
09/07/2019,2.0,11,20,41,42,56,6
09/04/2019,10.0,4,8,30,52,59,2
08/31/2019,5.0,14,41,50,56,57,18
08/28/2019,10.0,9,32,37,41,56,14
08/24/2019,2.0,5,12,20,21,47,1
08/21/2019,2.0,12,21,22,29,32,21
08/17/2019,3.0,18,21,24,30,60,20
08/14/2019,2.0,10,13,30,51,69,10
08/10/2019,3.0,35,41,44,58,59,3
08/07/2019,3.0,8,32,47,53,59,3
08/03/2019,2.0,3,6,45,66,68,13
07/31/2019,2.0,14,37,47,55,67,6
07/27/2019,2.0,1,19,31,48,61,6
07/24/2019,2.0,22,29,35,53,56,13
07/20/2019,3.0,5,26,36,64,69,19
07/17/2019,2.0,19,43,47,60,68,10
07/13/2019,3.0,13,23,32,35,68,21
07/10/2019,3.0,7,9,26,44,68,3
07/06/2019,2.0,4,8,23,46,65,1
07/03/2019,3.0,40,43,45,50,61,25
06/29/2019,2.0,13,17,24,59,62,8
06/26/2019,3.0,1,5,16,22,54,24
06/22/2019,2.0,3,6,11,14,66,21
06/19/2019,3.0,4,18,21,26,38,1
06/15/2019,3.0,8,11,14,16,49,14
06/12/2019,2.0,5,35,38,42,57,13
06/08/2019,2.0,9,13,42,48,60,18
06/05/2019,3.0,17,23,28,34,38,8
06/01/2019,2.0,6,15,34,45,52,8
05/29/2019,2.0,3,32,34,42,61,7
05/25/2019,3.0,1,2,39,43,66,2
05/22/2019,2.0,7,10,20,44,57,3
05/18/2019,4.0,2,10,25,66,67,26
05/15/2019,2.0,7,17,33,61,68,4
05/11/2019,2.0,6,8,9,37,40,26
05/08/2019,3.0,1,45,53,64,66,3
05/04/2019,2.0,6,16,23,30,61,2
05/01/2019,5.0,5,23,28,56,66,17
04/27/2019,3.0,2,29,41,45,62,6
04/24/2019,5.0,6,32,35,36,65,4
04/20/2019,3.0,3,27,30,63,65,1
04/17/2019,3.0,1,15,17,46,66,15
04/13/2019,2.0,4,17,26,32,49,10
04/10/2019,4.0,12,21,23,39,67,6
04/06/2019,3.0,15,33,43,59,60,8
04/03/2019,2.0,16,19,25,32,49,18
03/30/2019,3.0,21,52,54,64,68,4
03/27/2019,3.0,16,20,37,44,62,12
03/23/2019,3.0,24,25,52,60,66,5
03/20/2019,2.0,10,14,50,53,63,21
03/16/2019,2.0,30,34,39,53,67,11
03/13/2019,3.0,18,36,45,47,69,14
03/09/2019,3.0,5,6,45,55,59,14
03/06/2019,2.0,6,10,21,35,46,23
03/02/2019,2.0,1,19,25,27,68,21
02/27/2019,5.0,21,31,42,49,59,23
02/23/2019,2.0,4,6,14,20,32,13
02/20/2019,2.0,27,49,50,51,52,2
02/16/2019,4.0,29,30,41,48,64,1
02/13/2019,2.0,2,8,14,24,69,26
02/09/2019,3.0,1,2,3,7,39,25
02/06/2019,5.0,5,13,28,38,63,21
02/02/2019,5.0,10,17,18,43,65,13
01/30/2019,2.0,2,12,16,29,54,6
01/26/2019,4.0,8,12,20,21,32,10
01/23/2019,3.0,23,25,47,48,50,24
01/19/2019,3.0,5,8,41,65,66,20
01/16/2019,2.0,14,29,31,56,61,1
01/12/2019,2.0,7,36,48,57,58,24
01/09/2019,3.0,6,19,37,49,59,22
01/05/2019,2.0,3,7,15,27,69,19
01/02/2019,2.0,8,12,42,46,56,12
12/29/2018,2.0,12,42,51,53,62,25
12/26/2018,2.0,5,25,38,52,67,24
12/22/2018,3.0,21,28,30,40,59,26
12/19/2018,2.0,15,29,31,37,43,16
12/15/2018,3.0,8,38,43,52,55,17
12/12/2018,2.0,4,9,21,29,64,26
12/08/2018,2.0,14,32,34,46,61,10
12/05/2018,5.0,9,11,36,37,38,11
12/01/2018,2.0,10,11,47,55,58,26
11/28/2018,2.0,4,19,59,68,69,21
11/24/2018,2.0,11,33,51,56,58,18
11/21/2018,2.0,7,14,23,38,55,18
11/17/2018,2.0,6,8,20,52,68,5
11/14/2018,5.0,7,42,49,62,69,23
11/10/2018,2.0,5,29,34,53,57,24
11/07/2018,2.0,26,28,34,42,50,25
11/03/2018,3.0,15,21,24,32,65,11
10/31/2018,3.0,7,25,39,40,47,20
10/27/2018,3.0,8,12,13,19,27,4
10/24/2018,2.0,3,21,45,53,56,22
10/20/2018,2.0,16,54,57,62,69,23
10/17/2018,3.0,3,57,64,68,69,15
10/13/2018,3.0,11,14,32,43,65,15
10/10/2018,3.0,8,23,27,42,60,7
10/06/2018,3.0,1,22,27,53,67,15
10/03/2018,3.0,41,53,59,63,66,3
09/29/2018,2.0,9,17,34,59,64,22
09/26/2018,5.0,1,2,7,30,50,8
09/22/2018,5.0,24,61,63,64,69,18
09/19/2018,3.0,4,39,48,50,51,11
09/15/2018,3.0,2,18,19,24,34,3
09/12/2018,2.0,6,28,48,63,64,24
09/08/2018,3.0,3,13,20,32,33,21
09/05/2018,2.0,6,15,50,59,60,13
09/01/2018,3.0,11,54,55,61,66,9
08/29/2018,2.0,25,41,53,57,67,12
08/25/2018,2.0,20,25,54,57,63,8
08/22/2018,2.0,1,7,45,47,69,13
08/18/2018,3.0,24,34,52,61,67,16
08/15/2018,2.0,12,15,28,47,48,16
08/11/2018,2.0,5,43,56,62,68,24
08/08/2018,2.0,10,21,30,43,63,17
08/04/2018,4.0,3,11,38,44,58,2
08/01/2018,2.0,5,22,32,38,58,26
07/28/2018,2.0,22,27,46,56,65,13
07/25/2018,2.0,2,18,41,44,64,26
07/21/2018,2.0,9,23,56,58,68,1
07/18/2018,2.0,1,10,27,28,36,12
07/14/2018,3.0,22,41,42,49,67,11
07/11/2018,4.0,19,21,27,46,47,7
07/07/2018,3.0,1,10,43,45,64,22
07/04/2018,2.0,4,7,15,41,44,10
06/30/2018,2.0,3,9,20,42,61,24
06/27/2018,2.0,7,28,37,62,63,15
06/23/2018,2.0,16,29,43,45,56,25
06/20/2018,2.0,4,14,23,27,56,13
06/16/2018,2.0,9,45,57,58,65,9
06/13/2018,2.0,13,20,38,45,55,1
06/09/2018,3.0,6,10,15,25,36,14
06/06/2018,3.0,23,28,41,53,56,14
06/02/2018,4.0,23,25,37,44,64,7
05/30/2018,2.0,17,23,26,46,68,20
05/26/2018,2.0,1,21,31,45,49,21
05/23/2018,4.0,20,54,56,61,64,7
05/19/2018,3.0,3,6,9,17,56,25
05/16/2018,2.0,17,19,21,22,51,19
05/12/2018,3.0,22,42,45,55,56,14
05/09/2018,2.0,11,16,38,50,69,19
05/05/2018,4.0,14,29,36,57,61,17
05/02/2018,2.0,5,14,31,40,50,6
04/28/2018,5.0,20,22,28,45,50,8
04/25/2018,3.0,17,18,39,56,64,12
04/21/2018,2.0,40,50,54,62,69,19
04/18/2018,2.0,9,10,12,17,23,9
04/14/2018,2.0,17,19,26,61,62,15
04/11/2018,3.0,16,18,27,55,67,18
04/07/2018,2.0,2,17,20,38,39,20
04/04/2018,4.0,8,24,42,54,64,24
03/31/2018,3.0,8,24,52,55,61,21
03/28/2018,2.0,6,8,26,52,53,21
03/24/2018,3.0,10,33,45,53,56,24
03/21/2018,2.0,3,4,18,29,61,25
03/17/2018,2.0,22,57,59,60,66,7
03/14/2018,3.0,6,12,24,41,68,9
03/10/2018,3.0,43,44,54,61,69,22
03/07/2018,2.0,6,13,19,36,51,18
03/03/2018,2.0,13,17,25,36,40,5
02/28/2018,5.0,12,30,59,65,69,16
02/24/2018,2.0,24,25,38,62,63,6
02/21/2018,3.0,7,15,31,34,36,8
02/17/2018,3.0,13,26,39,44,62,2
02/14/2018,2.0,37,39,44,46,69,26
02/10/2018,5.0,1,13,27,41,59,20
02/07/2018,2.0,23,34,35,40,47,10
02/03/2018,2.0,15,23,27,48,53,6
01/31/2018,10.0,4,7,14,46,59,22
01/27/2018,2.0,17,21,26,47,54,7
01/24/2018,3.0,5,9,11,33,64,21
01/20/2018,4.0,26,28,47,49,58,3
01/17/2018,2.0,3,33,37,51,57,21
01/13/2018,2.0,14,25,35,58,69,24
01/10/2018,5.0,7,24,33,49,50,4
01/06/2018,3.0,12,61,30,29,33,26
01/03/2018,3.0,2,18,37,39,42,12
12/30/2017,2.0,28,36,41,51,58,24
12/27/2017,3.0,3,9,16,56,60,3
12/23/2017,2.0,1,3,13,15,44,25
12/20/2017,2.0,1,20,61,64,69,20
12/16/2017,2.0,9,35,37,50,63,11
12/13/2017,3.0,2,24,28,51,58,7
12/09/2017,5.0,25,36,37,55,60,6
12/06/2017,2.0,19,20,50,55,62,9
12/02/2017,3.0,28,30,32,36,58,6
11/29/2017,3.0,24,26,28,59,63,16
11/25/2017,2.0,8,13,27,53,54,4
11/22/2017,2.0,35,37,46,51,61,13
11/18/2017,3.0,17,28,31,32,39,26
11/15/2017,2.0,23,32,44,48,50,25
11/11/2017,2.0,4,6,16,30,56,18
11/08/2017,2.0,12,14,20,21,34,22
11/04/2017,3.0,12,14,26,48,51,13
11/01/2017,2.0,3,6,19,26,44,1
10/28/2017,2.0,27,35,38,57,66,10
10/25/2017,3.0,18,22,29,54,57,8
10/21/2017,2.0,14,41,42,45,69,4
10/18/2017,2.0,30,49,54,66,69,8
10/14/2017,3.0,32,37,56,66,69,11
10/11/2017,2.0,1,3,13,19,69,23
10/07/2017,2.0,10,49,61,63,65,7
10/04/2017,2.0,22,23,62,63,66,24
09/30/2017,3.0,8,12,25,41,64,15
09/27/2017,3.0,8,10,21,23,25,22
09/23/2017,2.0,24,45,55,56,57,19
09/20/2017,3.0,39,48,53,67,68,26
09/16/2017,2.0,17,18,24,25,31,24
09/13/2017,3.0,17,24,35,57,63,19
09/09/2017,2.0,6,20,29,57,59,22
09/06/2017,3.0,8,14,32,58,67,17
09/02/2017,2.0,6,21,41,52,62,26
08/30/2017,2.0,19,28,43,67,69,7
08/26/2017,2.0,7,15,32,38,66,15
08/23/2017,4.0,6,7,16,23,26,4
08/19/2017,4.0,17,19,39,43,68,13
08/16/2017,3.0,9,15,43,60,64,4
08/12/2017,2.0,20,24,26,35,49,19
08/09/2017,4.0,12,30,36,47,62,9
08/05/2017,2.0,11,21,28,33,45,11
08/02/2017,3.0,1,16,54,63,69,18
07/29/2017,2.0,1,28,40,45,48,12
07/26/2017,2.0,7,19,21,42,69,12
07/22/2017,3.0,5,32,44,53,60,9
07/19/2017,5.0,50,51,59,61,63,4
07/15/2017,2.0,9,40,63,64,66,17
07/12/2017,2.0,1,2,18,23,61,9
07/08/2017,2.0,8,10,29,40,59,26
07/05/2017,2.0,4,9,16,54,68,21
07/01/2017,3.0,19,42,45,48,53,16
06/28/2017,2.0,29,37,46,53,68,8
06/24/2017,4.0,10,22,32,36,58,10
06/21/2017,2.0,14,46,61,65,68,13
06/17/2017,2.0,10,13,32,53,62,21
06/14/2017,2.0,5,22,43,57,63,24
06/07/2017,3.0,5,21,57,66,69,13
06/03/2017,4.0,3,9,21,41,54,25
05/31/2017,2.0,4,33,39,46,60,6
05/27/2017,3.0,5,10,28,55,67,9
05/24/2017,2.0,28,32,33,38,62,15
05/20/2017,2.0,5,22,45,47,54,3
05/17/2017,3.0,4,11,39,45,48,9
05/13/2017,5.0,17,20,32,63,68,19
05/10/2017,2.0,29,31,46,56,62,8
05/06/2017,3.0,11,21,31,41,59,21
05/03/2017,2.0,17,18,49,59,66,9
04/29/2017,2.0,22,23,24,45,62,5
04/26/2017,4.0,1,15,18,26,51,26
04/22/2017,3.0,21,39,41,48,63,6
04/19/2017,3.0,1,19,37,40,52,15
04/15/2017,3.0,5,22,26,45,61,13
04/12/2017,2.0,8,14,61,63,68,24
04/08/2017,2.0,23,36,51,53,60,15
04/05/2017,2.0,8,20,46,53,54,13
04/01/2017,3.0,9,32,36,44,65,1
03/29/2017,3.0,8,15,31,36,62,11
03/25/2017,4.0,18,31,32,45,48,16
03/22/2017,2.0,2,9,27,29,42,9
03/18/2017,3.0,13,25,44,54,67,5
03/15/2017,3.0,16,30,41,48,53,16
03/11/2017,2.0,1,26,41,50,57,11
03/08/2017,2.0,23,33,42,46,59,4
03/04/2017,3.0,2,18,19,22,63,19
03/01/2017,10.0,10,16,40,52,55,17
02/25/2017,2.0,6,32,47,62,65,19
02/22/2017,2.0,10,13,28,52,61,2
02/18/2017,3.0,3,7,9,31,33,20
02/15/2017,2.0,5,28,33,38,42,19
02/11/2017,2.0,5,9,17,37,64,2
02/08/2017,2.0,14,20,42,49,66,5
02/04/2017,3.0,6,13,16,17,52,25
02/01/2017,2.0,9,43,57,60,64,10
01/28/2017,2.0,12,20,39,49,69,17
01/25/2017,2.0,18,28,62,66,68,22
01/21/2017,2.0,23,25,45,52,67,2
01/18/2017,2.0,9,40,41,53,58,12
01/14/2017,5.0,23,55,59,64,69,13
01/11/2017,2.0,1,3,13,16,43,24
01/07/2017,2.0,3,12,24,37,63,10
01/04/2017,3.0,16,17,29,41,42,4
12/31/2016,2.0,1,3,28,57,67,9
12/28/2016,2.0,16,23,30,44,58,4
12/24/2016,2.0,28,38,42,51,52,21
12/21/2016,5.0,25,33,40,54,68,3
12/17/2016,2.0,1,8,16,40,48,10
12/14/2016,3.0,18,26,37,39,66,15
12/10/2016,2.0,12,21,32,44,66,15
12/07/2016,2.0,41,48,49,53,64,20
12/03/2016,2.0,8,10,26,27,33,22
11/30/2016,2.0,3,14,18,25,45,7
11/26/2016,2.0,17,19,21,37,44,16
11/23/2016,2.0,7,32,41,47,61,3
11/19/2016,2.0,16,24,28,43,61,21
11/16/2016,2.0,28,41,61,63,65,7
11/12/2016,2.0,8,17,20,27,52,24
11/09/2016,2.0,1,25,28,31,54,2
11/05/2016,3.0,21,31,50,51,69,8
11/02/2016,2.0,13,18,37,54,61,5
10/29/2016,3.0,19,20,21,42,48,23
10/26/2016,2.0,2,3,16,48,56,24
10/22/2016,2.0,1,28,33,55,56,22
10/19/2016,2.0,10,16,38,43,63,23
10/15/2016,2.0,23,49,57,64,67,20
10/12/2016,2.0,16,30,34,37,44,16
10/08/2016,2.0,3,54,61,64,68,9
10/05/2016,2.0,8,18,27,29,60,15
10/01/2016,2.0,2,12,50,61,64,1
09/28/2016,3.0,30,38,52,53,62,1
09/24/2016,2.0,7,15,20,29,41,22
09/21/2016,4.0,1,28,63,67,69,17
09/17/2016,4.0,9,19,51,55,62,14
09/14/2016,2.0,10,11,23,28,31,14
09/10/2016,2.0,3,17,49,55,68,8
09/07/2016,2.0,22,23,29,33,55,21
09/03/2016,3.0,7,39,50,59,67,25
08/31/2016,2.0,5,10,24,56,61,12
08/27/2016,2.0,4,32,48,49,63,20
08/24/2016,3.0,9,11,25,64,65,16
08/20/2016,2.0,3,6,21,60,68,24
08/17/2016,3.0,33,44,49,50,52,8
08/13/2016,2.0,38,44,60,64,69,6
08/10/2016,5.0,23,56,61,64,67,12
08/06/2016,3.0,20,33,36,47,52,12
08/03/2016,3.0,9,11,27,66,67,2
07/30/2016,2.0,11,17,21,23,32,5
07/27/2016,2.0,10,47,50,65,68,24
07/23/2016,2.0,5,7,23,35,39,11
07/20/2016,2.0,6,25,35,58,66,5
07/16/2016,2.0,11,17,40,50,62,26
07/13/2016,3.0,3,15,29,54,57,10
07/09/2016,3.0,10,28,32,61,64,12
07/06/2016,3.0,2,24,31,57,66,18
07/02/2016,2.0,10,34,39,59,63,4
06/29/2016,2.0,23,29,37,60,64,6
06/25/2016,2.0,3,27,36,56,69,25
06/22/2016,3.0,14,40,42,43,52,17
06/18/2016,2.0,2,23,41,53,63,11
06/15/2016,2.0,4,22,24,31,33,10
06/11/2016,2.0,20,27,36,41,58,7
06/08/2016,3.0,12,25,37,60,69,20
06/04/2016,2.0,16,20,22,43,64,17
06/01/2016,5.0,23,30,33,40,69,12
05/28/2016,2.0,6,33,34,58,59,12
05/25/2016,3.0,11,24,41,59,64,15
05/21/2016,4.0,5,7,9,23,32,26
05/18/2016,3.0,23,25,39,54,67,11
05/14/2016,3.0,13,27,47,64,65,9
05/11/2016,3.0,20,32,52,66,69,23
05/07/2016,2.0,5,25,26,44,66,9
05/04/2016,3.0,30,47,57,66,69,3
04/30/2016,3.0,3,12,16,32,34,14
04/27/2016,2.0,2,25,33,39,64,17
04/23/2016,5.0,19,35,46,59,62,13
04/20/2016,3.0,12,25,30,52,62,8
04/16/2016,2.0,3,18,25,32,51,3
04/13/2016,3.0,30,33,35,38,64,22
04/09/2016,3.0,14,22,23,41,61,9
04/06/2016,2.0,4,28,49,60,65,25
04/02/2016,2.0,9,28,30,40,61,3
03/30/2016,2.0,24,44,53,55,63,19
03/26/2016,3.0,11,23,42,52,68,6
03/23/2016,3.0,5,8,15,22,49,25
03/19/2016,3.0,11,23,43,54,60,3
03/16/2016,3.0,10,12,13,46,50,21
03/12/2016,2.0,11,28,50,57,62,23
03/09/2016,3.0,14,23,32,34,68,3
03/05/2016,2.0,3,27,34,59,69,19
03/02/2016,2.0,12,13,44,52,62,6
02/27/2016,3.0,10,11,21,22,53,18
02/24/2016,3.0,21,31,64,65,67,5
02/20/2016,5.0,11,12,15,16,54,25
02/17/2016,2.0,7,17,27,29,40,25
02/13/2016,2.0,7,15,18,19,36,20
02/10/2016,2.0,2,3,40,50,62,5
02/06/2016,3.0,4,13,31,36,52,8
02/03/2016,3.0,26,28,31,60,67,23
01/30/2016,4.0,5,12,16,31,43,18
01/27/2016,2.0,3,12,40,52,67,21
01/23/2016,4.0,22,32,34,40,69,19
01/20/2016,5.0,5,39,44,47,69,24
01/16/2016,2.0,3,51,52,61,64,6
01/13/2016,2.0,4,8,19,27,34,10
01/09/2016,3.0,16,19,32,34,57,13
01/06/2016,3.0,2,11,47,62,63,17
01/02/2016,2.0,5,6,15,29,42,10
12/30/2015,3.0,12,36,38,54,61,22
12/26/2015,2.0,27,40,44,59,65,20
12/23/2015,4.0,16,38,55,63,67,25
12/19/2015,2.0,28,30,41,59,68,10
12/16/2015,2.0,9,10,32,42,55,6
12/12/2015,2.0,2,14,19,30,62,22
12/09/2015,2.0,7,10,16,46,56,1
12/05/2015,2.0,13,27,33,47,68,13
12/02/2015,2.0,14,18,19,32,64,9
11/28/2015,3.0,2,6,47,66,67,2
11/25/2015,2.0,16,29,53,58,69,21
11/21/2015,3.0,37,47,50,52,57,21
11/18/2015,2.0,17,40,41,46,69,6
11/14/2015,3.0,14,22,37,45,66,5
11/11/2015,3.0,4,26,32,55,64,18
11/07/2015,2.0,7,16,25,50,53,15
11/04/2015,4.0,2,12,17,20,65,17
10/31/2015,2.0,9,20,25,47,68,7
10/28/2015,2.0,4,54,56,62,63,10
10/24/2015,3.0,20,31,56,60,64,2
10/21/2015,4.0,30,32,42,56,57,11
10/17/2015,3.0,48,49,57,62,69,19
10/14/2015,2.0,15,20,29,31,40,1
10/10/2015,2.0,12,27,29,43,68,1
10/07/2015,3.0,18,30,40,48,52,9
10/03/2015,2.0,6,26,33,44,46,4
09/30/2015,3.0,21,39,40,55,59,17
09/26/2015,3.0,23,31,42,50,57,5
09/23/2015,2.0,8,29,41,51,58,5
09/19/2015,2.0,12,17,26,43,48,24
09/16/2015,3.0,5,7,24,31,39,7
09/12/2015,3.0,2,3,13,16,35,27
09/09/2015,2.0,44,45,47,50,51,8
09/05/2015,2.0,10,16,18,29,45,19
09/02/2015,3.0,17,22,30,46,56,16
08/29/2015,2.0,18,21,25,28,29,16
08/26/2015,5.0,2,22,32,45,56,12
08/22/2015,4.0,4,12,14,21,55,7
08/19/2015,2.0,6,8,43,48,50,7
08/15/2015,4.0,3,13,17,42,52,24
08/12/2015,2.0,8,13,29,38,52,28
08/08/2015,4.0,9,34,48,52,54,15
08/05/2015,2.0,9,11,14,16,42,19
08/01/2015,3.0,7,13,24,49,57,15
07/29/2015,3.0,4,22,27,28,52,35
07/25/2015,3.0,27,29,34,41,44,2
07/22/2015,2.0,12,31,43,44,57,11
07/18/2015,3.0,6,37,39,45,55,33
07/15/2015,2.0,13,16,34,45,50,11
07/11/2015,2.0,11,39,46,52,54,3
07/08/2015,3.0,4,15,25,27,30,18
07/04/2015,3.0,3,6,14,18,24,21
07/01/2015,2.0,7,24,26,31,41,25
06/27/2015,5.0,18,28,35,46,49,27
06/24/2015,4.0,3,5,10,22,32,7
06/20/2015,2.0,9,10,16,20,57,15
06/17/2015,3.0,20,21,22,41,54,7
06/13/2015,2.0,29,41,48,52,54,29
06/10/2015,2.0,31,32,48,49,53,25
06/06/2015,4.0,8,13,18,27,43,15
06/03/2015,2.0,6,8,13,37,40,11
05/30/2015,2.0,8,9,25,56,57,22
05/27/2015,2.0,8,15,34,53,59,23
05/23/2015,4.0,9,15,17,31,43,16
05/20/2015,3.0,1,12,28,35,44,25
05/16/2015,2.0,24,29,38,48,52,32
05/13/2015,3.0,1,25,29,31,47,7
05/09/2015,3.0,4,15,17,35,58,17
05/06/2015,5.0,23,24,27,39,41,30
05/02/2015,3.0,2,6,11,30,31,33
04/29/2015,3.0,1,26,34,38,51,6
04/25/2015,2.0,21,33,35,38,45,12
04/22/2015,2.0,10,14,25,39,53,18
04/18/2015,3.0,13,22,23,29,31,17
04/15/2015,3.0,1,16,21,29,40,30
04/11/2015,2.0,1,12,32,42,58,12
04/08/2015,2.0,1,19,45,46,58,29
04/04/2015,3.0,33,39,40,41,54,28
04/01/2015,3.0,2,30,33,39,44,1
03/28/2015,3.0,2,4,6,12,38,17
03/25/2015,2.0,7,19,23,50,54,14
03/21/2015,4.0,11,16,30,38,42,7
03/18/2015,2.0,14,25,30,33,47,8
03/14/2015,2.0,8,14,39,46,47,18
03/11/2015,2.0,11,24,31,40,44,27
03/07/2015,4.0,34,36,38,42,50,33
03/04/2015,2.0,8,12,15,35,50,32
02/28/2015,2.0,11,17,25,28,46,12
02/25/2015,3.0,17,19,21,32,39,8
02/21/2015,2.0,10,14,18,34,51,26
02/18/2015,2.0,1,9,29,32,49,22
02/14/2015,2.0,1,24,44,45,51,28
02/11/2015,3.0,11,13,25,39,54,19
02/07/2015,5.0,5,10,21,34,58,33
02/04/2015,2.0,24,36,51,52,56,22
01/31/2015,2.0,5,11,16,26,50,34
01/28/2015,5.0,12,24,35,36,49,1
01/24/2015,2.0,16,19,20,29,33,10
01/21/2015,4.0,11,12,15,28,57,23
01/17/2015,2.0,15,16,23,27,36,9
01/14/2015,5.0,2,4,10,41,53,22
01/10/2015,5.0,2,9,19,28,29,19
01/07/2015,2.0,14,15,47,49,59,10
01/03/2015,3.0,4,18,43,46,55,25
12/31/2014,2.0,17,27,37,40,53,35
12/27/2014,2.0,7,10,11,14,36,15
12/24/2014,4.0,11,12,46,47,50,22
12/20/2014,5.0,14,15,19,31,56,5
12/17/2014,3.0,22,31,38,47,48,15
12/13/2014,3.0,5,13,28,43,55,33
12/10/2014,2.0,34,44,48,54,55,10
12/06/2014,2.0,12,15,22,43,49,14
12/03/2014,3.0,25,30,32,46,54,26
11/29/2014,2.0,13,24,30,42,48,27
11/26/2014,5.0,16,17,22,46,54,35
11/22/2014,2.0,23,49,53,54,57,35
11/19/2014,2.0,6,36,38,48,51,17
11/15/2014,2.0,13,16,33,35,51,28
11/12/2014,3.0,37,39,51,52,55,11
11/08/2014,3.0,9,19,33,38,54,15
11/05/2014,3.0,2,11,19,21,42,34
11/01/2014,2.0,1,3,13,25,38,17
10/29/2014,3.0,25,28,48,57,59,16
10/25/2014,2.0,6,10,51,54,57,12
10/22/2014,2.0,29,30,40,42,50,16
10/18/2014,2.0,20,26,27,36,54,19
10/15/2014,2.0,5,7,19,27,28,20
10/11/2014,2.0,10,19,37,38,39,28
10/08/2014,3.0,5,16,31,46,50,18
10/04/2014,2.0,13,18,24,25,33,31
10/01/2014,2.0,1,4,18,20,45,7
09/27/2014,3.0,2,11,35,52,54,13
09/24/2014,4.0,7,14,21,24,41,26
09/20/2014,4.0,22,23,30,37,39,16
09/17/2014,2.0,18,25,36,48,50,23
09/13/2014,3.0,1,6,16,37,53,27
09/10/2014,5.0,2,14,39,40,43,13
09/06/2014,2.0,9,29,31,43,50,18
09/03/2014,3.0,2,16,43,45,51,35
08/30/2014,2.0,5,28,31,52,59,27
08/27/2014,3.0,17,24,26,45,46,19
08/23/2014,3.0,28,32,35,36,52,31
08/20/2014,2.0,4,8,21,38,40,3
08/16/2014,2.0,7,8,17,48,59,9
08/13/2014,2.0,8,37,39,40,52,24
08/09/2014,2.0,3,12,31,34,51,24
08/06/2014,5.0,1,8,24,28,49,24
08/02/2014,2.0,12,26,44,46,47,29
07/30/2014,3.0,13,30,42,49,53,29
07/26/2014,2.0,24,28,30,38,39,16
07/23/2014,5.0,4,10,12,22,31,3
07/19/2014,2.0,10,17,25,45,53,9
07/16/2014,3.0,5,15,18,26,32,35
07/12/2014,2.0,2,3,7,23,51,26
07/09/2014,2.0,9,25,42,55,57,14
07/05/2014,4.0,24,34,36,57,58,11
07/02/2014,2.0,8,18,45,53,58,35
06/25/2014,4.0,10,20,25,50,53,35
06/21/2014,3.0,5,6,37,41,54,26
06/18/2014,3.0,6,9,29,52,59,7
06/14/2014,3.0,9,33,42,45,54,30
06/11/2014,5.0,14,18,25,33,49,23
06/07/2014,2.0,28,30,35,58,59,15
06/04/2014,3.0,1,7,10,22,49,24
05/31/2014,2.0,15,27,31,34,48,1
05/28/2014,3.0,2,24,28,32,59,25
05/24/2014,2.0,15,16,28,49,55,18
05/21/2014,5.0,4,20,34,39,58,31
05/17/2014,3.0,23,32,39,47,49,22
05/14/2014,3.0,7,33,39,52,55,33
05/10/2014,2.0,4,31,41,47,55,1
05/07/2014,2.0,17,29,31,48,49,34
05/03/2014,4.0,5,15,16,46,49,26
04/30/2014,3.0,2,9,11,19,50,32
04/26/2014,3.0,3,7,22,30,33,20
04/23/2014,4.0,19,25,29,36,48,12
04/19/2014,5.0,5,6,29,35,51,21
04/16/2014,3.0,34,39,42,44,59,8
04/12/2014,2.0,14,26,45,54,55,20
04/09/2014,2.0,9,14,44,48,49,29
04/05/2014,5.0,11,21,26,33,34,29
04/02/2014,2.0,8,13,19,22,53,24
03/29/2014,2.0,2,3,12,27,38,17
03/26/2014,2.0,28,33,41,44,59,21
03/22/2014,2.0,13,28,31,55,58,15
03/19/2014,2.0,2,19,23,34,43,14
03/15/2014,4.0,2,5,34,51,58,9
03/12/2014,2.0,14,15,28,37,54,10
03/08/2014,2.0,10,14,24,32,41,30
03/05/2014,2.0,3,7,9,26,54,19
03/01/2014,4.0,3,8,25,30,47,13
02/26/2014,2.0,11,12,17,38,42,2
02/22/2014,5.0,2,3,13,14,54,4
02/19/2014,3.0,1,17,35,49,54,34
02/15/2014,3.0,2,9,14,21,23,3
02/12/2014,2.0,36,44,49,52,57,1
02/08/2014,2.0,24,25,34,37,54,29
02/05/2014,3.0,8,17,32,57,59,24
02/01/2014,2.0,5,12,15,27,38,7
01/29/2014,2.0,11,23,28,32,47,20
01/25/2014,2.0,8,12,18,55,57,2
01/22/2014,3.0,1,2,7,9,55,29
01/18/2014,,13,14,19,31,38,25
01/15/2014,,7,8,9,24,29,25
01/11/2014,,10,15,33,48,54,34
01/08/2014,,10,28,39,47,58,22
01/04/2014,,19,20,37,41,58,14
01/01/2014,,15,24,40,48,52,23
12/28/2013,,8,35,44,51,56,18
12/25/2013,,23,28,38,39,56,32
12/21/2013,,25,36,40,45,51,8
12/18/2013,,7,24,37,39,40,1
12/14/2013,,14,25,32,33,41,34
12/11/2013,,1,10,13,18,19,27
12/07/2013,,13,20,32,45,48,17
12/04/2013,,6,9,11,31,44,25
11/30/2013,,5,26,44,45,57,29
11/27/2013,,18,25,50,55,57,17
11/23/2013,,5,12,43,52,55,10
11/20/2013,,4,18,23,32,45,7
11/16/2013,,10,29,37,44,59,10
11/13/2013,,5,31,50,55,56,9
11/09/2013,,3,9,37,49,56,32
11/06/2013,,1,5,10,15,49,22
11/02/2013,,13,23,24,27,40,17
10/30/2013,,2,36,40,49,54,10
10/26/2013,,4,6,34,49,56,29
10/23/2013,,3,23,31,34,47,13
10/19/2013,,9,33,54,56,57,5
10/16/2013,,3,26,28,34,42,28
10/12/2013,,8,10,26,57,58,4
10/09/2013,,3,9,19,33,38,18
10/05/2013,,11,12,17,39,40,5
10/02/2013,,4,6,25,42,51,17
09/28/2013,,14,47,52,53,54,5
09/25/2013,,2,7,17,49,53,23
09/21/2013,,12,17,45,54,58,13
09/18/2013,,7,10,22,32,35,19
09/14/2013,,1,17,25,37,44,20
09/11/2013,,11,19,33,42,52,33
09/07/2013,,2,19,22,26,45,24
09/04/2013,,2,9,26,45,47,11
08/31/2013,,2,7,25,40,56,20
08/28/2013,,6,7,9,19,32,13
08/24/2013,,12,17,25,45,59,19
08/21/2013,,30,40,42,46,48,23
08/17/2013,,18,21,46,54,56,23
08/14/2013,,4,11,17,43,51,20
08/10/2013,,4,12,14,37,58,13
08/07/2013,,5,25,30,58,59,32
08/03/2013,,21,24,36,42,45,15
07/31/2013,,8,24,39,49,59,5
07/27/2013,,9,23,40,53,58,6
07/24/2013,,9,29,40,44,54,7
07/20/2013,,14,25,27,38,58,6
07/17/2013,,1,22,34,38,42,17
07/13/2013,,2,8,22,35,37,6
07/10/2013,,30,31,45,55,59,27
07/06/2013,,2,13,35,36,52,11
07/03/2013,,3,6,29,40,51,4
06/29/2013,,8,28,30,53,56,16
06/26/2013,,1,18,33,39,46,33
06/22/2013,,13,19,23,33,57,28
06/19/2013,,7,46,47,52,57,17
06/15/2013,,28,36,40,48,55,1
06/12/2013,,16,22,23,42,55,32
06/08/2013,,2,11,22,26,32,19
06/05/2013,,4,26,33,36,55,32
06/01/2013,,22,28,33,53,59,14
05/29/2013,,9,14,17,49,57,2
05/25/2013,,2,6,19,21,27,25
05/22/2013,,9,31,35,41,57,26
05/18/2013,,10,13,14,22,52,11
05/15/2013,,2,11,26,34,41,32
05/11/2013,,6,13,19,23,43,16
05/08/2013,,21,22,26,30,57,27
05/04/2013,,7,12,26,36,40,17
05/01/2013,,22,26,31,54,55,18
04/27/2013,,3,23,48,54,55,5
04/24/2013,,9,19,31,56,59,2
04/20/2013,,6,8,30,39,48,20
04/17/2013,,13,18,36,48,58,28
04/13/2013,,10,12,31,56,57,33
04/10/2013,,1,36,40,52,53,20
04/06/2013,,4,7,8,29,39,24
04/03/2013,,1,6,8,12,35,3
03/30/2013,,11,23,26,46,55,27
03/27/2013,,7,37,43,48,52,16
03/23/2013,,17,29,31,52,53,31
03/20/2013,,13,14,17,43,54,15
03/16/2013,,3,7,21,44,53,16
03/13/2013,,5,9,28,32,38,29
03/09/2013,,10,37,40,46,52,12
03/06/2013,,6,10,23,41,45,1
03/02/2013,,3,8,13,41,56,16
02/27/2013,,3,14,20,34,48,21
02/23/2013,,2,5,31,39,41,29
02/20/2013,,3,17,19,25,32,17
02/16/2013,,15,16,46,50,58,29
02/13/2013,,12,23,25,27,43,29
02/09/2013,,5,6,16,36,58,3
02/06/2013,,5,27,36,38,41,12
02/02/2013,,11,16,33,40,41,34
01/30/2013,,14,16,32,47,52,16
01/26/2013,,3,22,26,41,49,18
01/23/2013,,11,12,24,43,45,9
01/19/2013,,8,28,29,34,38,35
01/16/2013,,9,21,28,32,51,35
01/12/2013,,10,14,21,23,47,7
01/09/2013,,11,13,20,27,59,26
01/05/2013,,26,30,49,51,54,25
01/02/2013,,18,20,28,35,53,20
12/29/2012,,36,46,50,52,55,14
12/26/2012,,11,13,23,43,54,4
12/22/2012,,1,18,35,39,44,11
12/19/2012,,5,8,20,23,30,3
12/15/2012,,15,23,40,44,55,14
12/12/2012,,8,10,25,36,44,28
12/08/2012,,7,23,26,40,53,21
12/05/2012,,13,17,19,27,38,12
12/01/2012,,3,10,19,36,46,3
11/28/2012,,5,16,22,23,29,6
11/24/2012,,22,32,37,44,50,34
11/21/2012,,8,18,24,30,39,26
11/17/2012,,3,15,27,58,59,20
11/14/2012,,8,10,30,44,58,13
11/10/2012,,32,42,50,54,55,32
11/07/2012,,32,34,45,52,58,20
11/03/2012,,4,7,9,30,54,25
10/31/2012,,1,27,31,45,48,5
10/27/2012,,22,32,34,36,56,33
10/24/2012,,3,18,21,23,50,4
10/20/2012,,4,21,28,31,44,10
10/17/2012,,1,7,10,23,42,35
10/13/2012,,2,5,25,26,49,18
10/10/2012,,18,26,29,35,43,28
10/06/2012,,15,26,34,36,59,35
10/03/2012,,17,23,36,55,59,10
09/29/2012,,14,18,28,29,57,8
09/26/2012,,13,26,39,41,42,10
09/22/2012,,2,16,18,40,42,33
09/19/2012,,1,5,8,39,50,23
09/15/2012,,3,20,26,43,48,1
09/12/2012,,24,33,36,48,56,6
09/08/2012,,6,20,34,44,48,29
09/05/2012,,4,19,26,42,51,29
09/01/2012,,8,11,21,44,49,22
08/29/2012,,25,28,49,54,56,28
08/25/2012,,1,6,7,20,49,23
08/22/2012,,22,29,31,47,55,19
08/18/2012,,14,26,41,55,59,1
08/15/2012,,6,27,46,51,56,21
08/11/2012,,4,13,39,46,51,1
08/08/2012,,3,7,11,15,28,12
08/04/2012,,19,30,48,53,55,18
08/01/2012,,3,16,48,56,58,4
07/28/2012,,5,6,13,36,50,13
07/25/2012,,3,14,35,38,46,16
07/21/2012,,9,31,38,54,56,20
07/18/2012,,2,5,20,23,57,3
07/14/2012,,4,16,32,37,46,13
07/11/2012,,5,22,36,49,55,23
07/07/2012,,3,5,29,39,59,29
07/04/2012,,14,19,35,39,56,33
06/30/2012,,7,15,20,41,44,22
06/27/2012,,6,34,40,46,58,6
06/23/2012,,1,3,41,44,53,30
06/20/2012,,11,17,29,56,57,14
06/16/2012,,8,14,15,16,27,26
06/13/2012,,7,10,14,33,57,18
06/09/2012,,18,22,45,56,57,27
06/06/2012,,19,30,33,48,59,27
06/02/2012,,9,10,17,29,45,33
05/30/2012,,9,10,24,52,56,14
05/26/2012,,13,14,41,49,59,14
05/23/2012,,4,7,26,53,59,32
05/19/2012,,8,13,35,46,51,30
05/16/2012,,3,7,21,28,43,2
05/12/2012,,10,24,35,53,58,22
05/09/2012,,1,7,11,55,56,1
05/05/2012,,9,12,20,44,59,23
05/02/2012,,7,8,33,38,50,29
04/28/2012,,31,39,40,57,58,33
04/25/2012,,4,25,29,34,43,29
04/21/2012,,6,8,20,42,51,16
04/18/2012,,20,22,39,46,49,29
04/14/2012,,14,15,16,19,24,2
04/11/2012,,16,23,42,44,47,2
04/07/2012,,5,13,17,20,30,18
04/04/2012,,1,24,33,45,49,6
03/31/2012,,5,14,36,54,58,27
03/28/2012,,11,16,29,50,58,33
03/24/2012,,1,15,35,37,47,8
03/21/2012,,32,43,53,55,56,6
03/17/2012,,11,14,49,55,58,30
03/14/2012,,1,8,41,46,59,24
03/10/2012,,5,14,17,20,41,5
03/07/2012,,12,35,45,46,47,12
03/03/2012,,29,30,45,47,49,35
02/29/2012,,1,4,11,23,26,14
02/25/2012,,6,11,42,53,54,7
02/22/2012,,7,16,17,39,51,32
02/18/2012,,23,28,50,56,59,5
02/15/2012,,11,12,32,52,56,11
02/11/2012,,1,10,37,52,57,11
02/08/2012,,17,28,38,39,51,33
02/04/2012,,15,23,43,45,56,7
02/01/2012,,8,13,17,34,59,35
01/28/2012,,5,33,41,54,59,13
01/25/2012,,4,19,28,29,47,5
01/21/2012,,12,24,43,44,45,7
01/18/2012,,6,29,34,44,50,28
01/14/2012,5.0,10,30,36,38,41,1
01/11/2012,2.0,5,19,29,45,47,25
01/07/2012,5.0,3,21,24,38,39,24
01/04/2012,4.0,21,35,46,47,50,2
12/31/2011,4.0,5,23,25,28,40,34
12/28/2011,2.0,16,21,27,41,45,14
12/24/2011,2.0,14,16,30,51,52,19
12/21/2011,5.0,10,13,15,31,54,18
12/17/2011,4.0,13,28,49,51,59,33
12/14/2011,5.0,2,24,46,52,56,19
12/10/2011,5.0,4,19,33,41,59,9
12/07/2011,2.0,3,14,20,39,40,37
12/03/2011,3.0,5,18,33,43,45,8
11/30/2011,2.0,2,6,34,35,47,22
11/26/2011,2.0,20,37,39,45,55,28
11/23/2011,2.0,4,30,35,57,59,25
11/19/2011,3.0,9,16,17,28,30,11
11/16/2011,2.0,13,22,25,39,51,28
11/12/2011,5.0,4,35,36,51,56,8
11/09/2011,3.0,5,35,57,58,59,12
11/05/2011,3.0,2,33,39,40,43,26
11/02/2011,4.0,12,14,34,39,46,36
10/29/2011,5.0,11,16,40,51,56,38
10/26/2011,3.0,1,18,21,39,55,6
10/22/2011,4.0,3,8,23,30,58,13
10/19/2011,5.0,16,26,35,52,58,2
10/15/2011,4.0,5,10,24,38,43,1
10/12/2011,3.0,10,12,23,43,47,18
10/08/2011,5.0,3,27,35,37,45,31
10/05/2011,4.0,7,20,43,46,54,17
10/01/2011,3.0,1,12,23,27,43,31
09/28/2011,2.0,30,41,50,51,53,8
09/24/2011,5.0,3,4,12,27,44,26
09/21/2011,4.0,12,47,48,52,55,13
09/17/2011,2.0,6,20,22,32,43,11
09/14/2011,3.0,16,41,42,50,59,5
09/10/2011,4.0,4,19,22,32,53,24
09/07/2011,4.0,3,5,18,27,54,13
09/03/2011,5.0,15,25,52,53,54,2
08/31/2011,5.0,13,19,35,47,57,29
08/27/2011,3.0,2,12,25,54,58,14
08/24/2011,5.0,9,13,47,49,53,39
08/20/2011,2.0,2,17,23,28,47,36
08/17/2011,4.0,18,28,31,48,52,37
08/13/2011,2.0,9,12,35,50,58,4
08/10/2011,4.0,11,18,36,41,46,38
08/06/2011,3.0,25,30,54,57,59,6
08/03/2011,2.0,13,19,21,28,49,11
07/30/2011,2.0,20,40,41,47,55,19
07/27/2011,2.0,38,40,41,51,59,33
07/23/2011,3.0,1,7,27,38,48,30
07/20/2011,4.0,1,4,38,40,42,17
07/16/2011,3.0,24,28,48,50,54,25
07/13/2011,4.0,8,18,19,32,54,8
07/09/2011,3.0,1,9,11,23,31,6
07/06/2011,2.0,11,15,24,50,55,8
07/02/2011,3.0,1,11,18,29,51,32
06/29/2011,3.0,24,30,45,57,59,26
06/25/2011,4.0,18,36,39,41,57,12
06/22/2011,4.0,12,15,19,46,59,12
06/18/2011,2.0,12,21,22,38,41,18
06/15/2011,4.0,19,20,38,41,43,29
06/11/2011,3.0,16,18,27,36,50,8
06/08/2011,5.0,14,37,44,45,53,29
06/04/2011,5.0,17,19,39,41,58,21
06/01/2011,4.0,8,18,38,46,56,31
05/28/2011,4.0,12,20,43,51,55,11
05/25/2011,2.0,4,23,31,42,50,23
05/21/2011,3.0,2,8,40,49,50,36
05/18/2011,4.0,7,12,13,42,49,16
05/14/2011,2.0,8,17,18,40,44,16
05/11/2011,3.0,9,17,32,43,45,31
05/07/2011,4.0,2,11,27,47,55,15
05/04/2011,4.0,3,15,27,29,41,24
04/30/2011,2.0,6,13,15,32,41,3
04/27/2011,2.0,4,24,40,44,55,5
04/23/2011,3.0,3,11,47,48,58,19
04/20/2011,3.0,9,24,34,36,43,27
04/16/2011,5.0,21,33,44,45,55,7
04/13/2011,3.0,4,23,39,49,50,39
04/09/2011,4.0,5,14,32,53,56,11
04/06/2011,2.0,10,18,41,55,56,15
04/02/2011,2.0,6,22,34,43,45,23
03/30/2011,4.0,19,20,42,56,58,37
03/26/2011,4.0,4,10,11,19,33,27
03/23/2011,2.0,5,15,26,28,32,9
03/19/2011,2.0,3,11,20,27,46,8
03/16/2011,3.0,28,39,40,48,53,9
03/12/2011,4.0,1,4,12,41,47,3
03/09/2011,2.0,12,20,28,40,48,8
03/05/2011,2.0,2,23,31,42,48,21
03/02/2011,2.0,7,31,50,51,58,6
02/26/2011,5.0,4,13,17,21,45,10
02/23/2011,3.0,29,32,36,39,49,29
02/19/2011,5.0,3,12,34,37,42,36
02/16/2011,2.0,9,13,21,23,48,24
02/12/2011,4.0,11,32,36,48,52,19
02/09/2011,4.0,7,11,39,42,51,30
02/05/2011,5.0,15,37,41,56,59,5
02/02/2011,4.0,3,14,33,53,57,36
01/29/2011,4.0,24,28,45,49,52,2
01/26/2011,3.0,4,5,36,47,58,6
01/22/2011,2.0,30,31,34,45,51,23
01/19/2011,3.0,22,36,51,56,59,32
01/15/2011,3.0,9,13,22,23,37,31
01/12/2011,4.0,19,21,23,40,48,27
01/08/2011,2.0,6,7,26,33,52,24
01/05/2011,5.0,22,26,32,38,40,7
01/01/2011,2.0,18,22,37,47,54,36
12/29/2010,2.0,3,16,18,20,37,30
12/25/2010,2.0,1,17,38,50,52,24
12/22/2010,2.0,11,33,44,46,47,12
12/18/2010,4.0,4,11,19,33,43,14
12/15/2010,5.0,10,11,18,32,45,18
12/11/2010,2.0,1,8,10,19,20,23
12/08/2010,4.0,8,11,25,41,58,16
12/04/2010,5.0,13,24,27,31,42,22
12/01/2010,3.0,5,10,11,12,20,2
11/27/2010,5.0,10,30,37,47,54,39
11/24/2010,3.0,8,20,21,32,37,4
11/20/2010,5.0,10,12,38,53,57,1
11/17/2010,3.0,14,16,53,54,59,5
11/13/2010,5.0,17,30,48,51,54,29
11/10/2010,4.0,5,8,11,40,44,10
11/06/2010,4.0,7,12,23,34,38,33
11/03/2010,2.0,34,38,39,45,50,33
10/30/2010,5.0,1,7,27,36,49,39
10/27/2010,5.0,20,24,25,53,59,15
10/23/2010,4.0,2,7,16,20,46,34
10/20/2010,3.0,7,17,20,39,59,17
10/16/2010,2.0,11,12,15,16,28,11
10/13/2010,4.0,12,22,32,34,46,2
10/09/2010,3.0,2,6,32,42,49,35
10/06/2010,5.0,14,26,37,41,46,24
10/02/2010,4.0,12,20,30,36,47,25
09/29/2010,4.0,13,44,51,52,55,30
09/25/2010,2.0,8,16,27,35,42,30
09/22/2010,5.0,10,24,36,52,55,15
09/18/2010,4.0,1,18,37,39,44,13
09/15/2010,5.0,7,20,21,34,43,34
09/11/2010,4.0,7,17,20,36,59,33
09/08/2010,5.0,10,35,39,51,57,20
09/04/2010,2.0,11,14,22,33,42,38
09/01/2010,3.0,17,20,21,40,51,19
08/28/2010,4.0,4,22,27,32,56,13
08/25/2010,3.0,16,17,29,31,36,23
08/21/2010,2.0,7,10,12,22,27,26
08/18/2010,3.0,4,32,33,47,55,39
08/14/2010,2.0,9,33,36,50,58,31
08/11/2010,2.0,7,10,22,23,52,29
08/07/2010,5.0,4,22,26,31,52,30
08/04/2010,4.0,19,28,30,37,53,36
07/31/2010,3.0,1,16,17,41,57,15
07/28/2010,5.0,1,11,20,25,27,2
07/24/2010,2.0,20,30,38,46,59,27
07/21/2010,3.0,16,22,30,51,58,25
07/17/2010,4.0,22,27,35,37,45,3
07/14/2010,3.0,20,21,23,38,42,6
07/10/2010,4.0,20,21,27,28,56,4
07/07/2010,2.0,10,41,44,48,56,4
07/03/2010,3.0,3,10,14,52,53,3
06/30/2010,5.0,6,38,43,47,48,27
06/26/2010,4.0,13,30,32,38,57,25
06/23/2010,3.0,11,30,45,47,48,10
06/19/2010,3.0,9,30,31,50,54,39
06/16/2010,5.0,8,11,18,29,36,6
06/12/2010,10.0,9,12,13,35,38,30
06/09/2010,4.0,14,22,27,32,49,5
06/05/2010,4.0,18,34,40,48,59,25
06/02/2010,4.0,4,9,14,39,43,38
05/29/2010,4.0,1,3,24,28,41,10
05/26/2010,4.0,1,6,10,13,20,32
05/22/2010,2.0,19,20,40,47,57,29
05/19/2010,3.0,2,7,29,55,58,27
05/15/2010,2.0,15,21,23,28,36,20
05/12/2010,2.0,37,51,52,53,58,38
05/08/2010,5.0,5,22,34,41,57,31
05/05/2010,4.0,13,34,40,47,57,11
05/01/2010,4.0,16,23,25,49,58,20
04/28/2010,4.0,12,22,25,28,44,24
04/24/2010,2.0,1,12,53,56,57,5
04/21/2010,2.0,11,34,41,49,55,20
04/17/2010,5.0,5,21,22,41,49,15
04/14/2010,3.0,6,14,32,38,52,20
04/10/2010,2.0,21,22,49,52,58,34
04/07/2010,2.0,4,36,40,44,52,33
04/03/2010,4.0,10,15,31,52,59,4
03/31/2010,5.0,5,13,17,45,54,12
03/27/2010,4.0,7,21,32,44,52,10
03/24/2010,3.0,14,20,24,39,49,7
03/20/2010,2.0,9,36,39,44,45,9
03/17/2010,2.0,24,26,45,48,55,8
03/13/2010,5.0,6,16,20,31,36,8
03/10/2010,2.0,17,21,37,41,50,1
03/06/2010,2.0,10,29,33,41,59,15
03/03/2010,4.0,7,9,14,45,49,23
02/27/2010,2.0,18,47,51,53,58,30
02/24/2010,2.0,4,17,35,50,57,12
02/20/2010,2.0,13,27,37,41,54,32
02/17/2010,3.0,7,8,19,26,36,15
02/13/2010,4.0,10,14,30,40,51,1
02/10/2010,5.0,5,8,29,37,38,34
02/06/2010,3.0,14,22,52,54,59,4
02/03/2010,2.0,17,22,36,37,52,24
05/01/2021,3.0,35,36,47,61,63,3
05/05/2021,2.0,16,23,28,40,63,1
05/08/2021,3.0,12,17,20,21,26,8
05/12/2021,2.0,1,19,20,38,54,17
05/15/2021,3.0,4,10,37,39,69,24
05/19/2021,2.0,11,13,55,56,69,4
05/22/2021,2.0,3,19,27,37,40,8
05/26/2021,2.0,2,8,21,34,62,16
05/29/2021,2.0,11,13,22,27,46,20
06/02/2021,3.0,6,7,11,66,67,19
06/05/2021,3.0,44,52,54,64,69,26
06/12/2021,3.0,8,25,34,38,41,10
06/16/2021,2.0,19,29,34,44,50,25
06/19/2021,2.0,4,22,35,38,39,20
06/23/2021,3.0,13,20,40,51,63,1
06/26/2021,3.0,8,31,39,43,60,17
06/30/2021,4.0,24,29,50,65,66,14
07/03/2021,2.0,26,40,41,55,65,24
07/07/2021,2.0,8,21,30,49,57,8
07/10/2021,2.0,1,5,29,54,62,3
07/14/2021,2.0,33,46,52,59,62,10
07/17/2021,2.0,15,22,38,54,66,3
07/21/2021,2.0,27,28,44,67,68,11
07/24/2021,2.0,1,4,11,59,67,10
07/28/2021,3.0,25,30,53,59,60,5
07/31/2021,2.0,1,21,22,34,47,4
08/04/2021,2.0,5,21,32,36,58,14
08/07/2021,2.0,7,24,36,54,60,23
08/11/2021,3.0,12,18,20,29,30,16
08/14/2021,2.0,6,21,49,65,67,18
08/18/2021,2.0,35,36,51,55,61,26
08/21/2021,2.0,16,28,36,39,59,4
08/23/2021,3.0,17,36,47,60,61,15
08/25/2021,3.0,27,39,54,56,59,24
08/28/2021,2.0,12,22,26,46,59,26
08/30/2021,2.0,3,15,45,51,61,8
09/01/2021,2.0,10,20,29,48,51,17
09/04/2021,5.0,32,35,40,52,54,1
09/06/2021,2.0,11,20,22,33,54,24
09/08/2021,2.0,9,22,41,47,61,21
09/11/2021,2.0,20,31,38,40,49,21
09/13/2021,3.0,37,40,50,61,63,21
09/15/2021,3.0,1,4,18,46,62,25
09/18/2021,2.0,5,36,39,45,57,11
09/20/2021,2.0,37,51,54,58,60,19
09/22/2021,3.0,20,40,47,55,63,5
09/25/2021,3.0,22,23,37,62,63,19
09/27/2021,2.0,21,22,39,44,60,12
09/29/2021,3.0,2,7,11,17,32,11
10/02/2021,2.0,28,38,42,47,52,1
10/04/2021,2.0,12,22,54,66,69,15
10/06/2021,10.0,1,17,52,58,64,1
10/09/2021,2.0,12,17,30,45,62,5
10/11/2021,3.0,11,20,33,39,65,24
10/13/2021,2.0,23,29,47,59,60,15
10/16/2021,3.0,30,31,41,42,48,3
10/18/2021,2.0,30,32,48,53,63,12
10/20/2021,2.0,7,29,36,41,43,5
10/23/2021,2.0,10,30,51,57,63,20
10/25/2021,2.0,10,27,29,44,58,24
10/27/2021,4.0,3,6,26,35,51,17
10/30/2021,2.0,5,23,28,43,56,19
11/01/2021,3.0,9,25,34,44,45,8
11/03/2021,2.0,1,2,24,50,57,26
11/06/2021,2.0,8,30,48,57,64,9
11/08/2021,3.0,21,46,47,57,62,8
11/10/2021,2.0,19,25,43,46,48,14
11/13/2021,3.0,8,15,26,35,45,9
11/15/2021,2.0,5,31,34,51,53,23
11/17/2021,3.0,3,16,48,52,60,1
11/20/2021,3.0,40,43,48,59,69,19
11/22/2021,2.0,7,20,29,38,67,22
11/24/2021,2.0,10,16,32,63,65,17
11/27/2021,2.0,8,32,55,64,66,10
11/29/2021,2.0,18,26,28,38,47,17
12/01/2021,2.0,12,15,38,57,63,24
12/04/2021,2.0,10,40,45,56,67,2
12/06/2021,3.0,3,21,38,50,59,6
12/08/2021,2.0,3,7,33,50,69,24
12/11/2021,2.0,3,25,44,53,64,10
12/13/2021,2.0,10,30,37,53,59,4
12/15/2021,3.0,19,20,40,42,59,15
12/18/2021,2.0,2,6,24,51,61,1
12/20/2021,4.0,2,13,23,34,66,2
12/22/2021,2.0,7,16,19,48,68,15
12/25/2021,3.0,27,29,45,55,58,2
12/27/2021,2.0,36,38,45,62,64,19
12/29/2021,2.0,2,6,9,33,39,11
01/01/2022,2.0,6,12,39,48,50,7
01/03/2022,2.0,2,13,32,33,48,22
01/05/2022,2.0,6,14,25,33,46,17
01/08/2022,10.0,20,21,36,60,65,13
01/10/2022,2.0,14,17,18,21,27,9
01/12/2022,4.0,12,21,22,30,33,24
01/15/2022,2.0,3,18,37,51,59,13
01/17/2022,2.0,9,24,35,46,65,22
01/19/2022,3.0,11,15,43,55,61,10
01/22/2022,2.0,8,14,33,36,67,17
01/24/2022,3.0,11,29,30,47,53,16
01/26/2022,3.0,4,11,38,49,69,16
01/29/2022,4.0,2,15,38,54,65,11
01/31/2022,3.0,10,15,51,61,69,14
02/02/2022,3.0,18,29,33,62,63,15
02/05/2022,2.0,5,16,27,39,61,24
02/07/2022,3.0,5,15,38,47,65,10
02/09/2022,2.0,2,17,33,51,63,26
02/12/2022,3.0,8,10,21,41,62,7
02/14/2022,3.0,16,25,27,49,55,17
02/16/2022,2.0,22,30,40,42,48,16
02/19/2022,2.0,3,10,15,33,42,11
02/21/2022,2.0,2,36,37,45,69,3
02/23/2022,2.0,6,17,21,35,64,18
02/26/2022,3.0,15,32,36,48,64,19
02/28/2022,2.0,7,21,39,47,55,19
03/02/2022,2.0,19,37,48,61,63,12
03/05/2022,2.0,8,23,37,52,63,13
03/07/2022,3.0,10,43,55,59,67,2
03/09/2022,2.0,13,22,34,51,67,10
03/14/2022,3.0,21,28,32,44,49,6
03/16/2022,2.0,3,28,34,35,58,17
03/19/2022,2.0,8,9,18,48,52,6
03/21/2022,2.0,1,15,26,63,65,16
03/23/2022,2.0,31,32,37,38,48,24
03/26/2022,3.0,2,10,50,59,61,6
03/28/2022,2.0,11,18,39,58,62,3
03/30/2022,3.0,3,7,21,31,37,11
04/02/2022,2.0,6,28,47,58,59,18
04/04/2022,2.0,2,32,39,46,69,6
04/06/2022,3.0,6,42,45,47,64,18
04/11/2022,2.0,5,7,24,31,34,4
04/13/2022,2.0,14,16,41,63,68,26
04/16/2022,5.0,15,21,32,62,65,26
04/18/2022,2.0,8,33,55,59,62,18
04/20/2022,2.0,20,30,45,55,56,14
04/23/2022,3.0,10,39,47,49,56,8
04/25/2022,2.0,12,18,20,39,61,10
04/27/2022,2.0,11,36,61,62,68,4
04/30/2022,3.0,14,21,37,44,63,1
05/02/2022,5.0,18,27,33,39,44,8
05/04/2022,2.0,37,39,55,63,69,23
05/07/2022,2.0,4,5,6,28,67,10
05/09/2022,2.0,18,30,35,52,56,5
05/11/2022,2.0,5,7,61,63,69,18
05/14/2022,3.0,6,40,41,45,52,9
05/16/2022,2.0,7,15,22,36,64,13
05/18/2022,3.0,40,41,58,64,65,17
05/21/2022,2.0,14,15,25,52,58,11
05/23/2022,2.0,1,33,37,39,42,26
05/25/2022,3.0,19,28,39,42,57,17
05/28/2022,2.0,2,39,50,61,66,15
05/30/2022,2.0,27,28,51,68,69,22
06/01/2022,2.0,11,41,56,57,63,2
06/04/2022,3.0,14,16,36,52,60,16
06/06/2022,2.0,2,10,35,44,46,4
06/08/2022,4.0,22,39,43,62,64,7
06/11/2022,2.0,18,20,26,53,69,5
06/13/2022,2.0,2,27,42,44,51,25
06/15/2022,2.0,19,28,41,42,51,7
06/18/2022,2.0,10,19,40,45,58,25
06/20/2022,2.0,3,44,61,63,69,13
06/22/2022,3.0,6,10,31,48,56,12
06/25/2022,3.0,6,12,20,27,32,4
06/27/2022,3.0,11,13,18,30,37,16
06/29/2022,3.0,8,40,49,58,63,14
07/02/2022,3.0,9,10,37,59,62,26
07/04/2022,2.0,15,16,24,31,56,4
07/06/2022,2.0,32,36,49,62,69,13
07/09/2022,3.0,14,22,42,46,52,24
07/11/2022,2.0,4,26,34,37,52,9
07/13/2022,2.0,22,23,36,47,63,2
07/16/2022,2.0,3,18,23,32,57,21
07/18/2022,3.0,14,34,36,50,58,5
07/20/2022,3.0,10,20,23,49,65,22
07/23/2022,3.0,39,41,54,59,62,12
07/25/2022,2.0,25,37,38,39,65,5
07/27/2022,2.0,1,25,44,55,57,26
07/30/2022,3.0,4,17,57,58,68,12
08/01/2022,3.0,15,21,31,36,65,16
08/03/2022,2.0,9,21,56,57,66,11
08/06/2022,2.0,8,15,46,56,68,3
08/08/2022,2.0,32,45,51,57,58,12
08/10/2022,2.0,29,44,59,61,68,19
08/13/2022,10.0,19,24,35,43,62,2
08/15/2022,2.0,20,24,47,50,63,5
08/17/2022,2.0,23,28,41,50,55,24
08/20/2022,2.0,5,9,11,16,66,7
08/22/2022,2.0,12,27,34,55,67,9
08/24/2022,4.0,6,24,35,37,44,22
08/27/2022,3.0,2,18,56,60,65,14
08/29/2022,3.0,13,36,43,61,69,18
08/31/2022,2.0,7,8,19,24,28,1
09/03/2022,2.0,18,27,49,65,69,9
09/05/2022,2.0,4,7,32,55,64,25
09/07/2022,3.0,3,16,30,33,36,20
09/10/2022,2.0,38,42,56,68,69,4
09/12/2022,3.0,6,14,16,34,66,25
09/14/2022,3.0,9,10,20,22,52,25
09/17/2022,3.0,5,25,36,51,61,1
09/19/2022,2.0,7,15,36,46,67,7
09/21/2022,2.0,6,33,34,45,54,7
09/24/2022,2.0,3,9,21,24,29,14
09/26/2022,3.0,13,20,31,33,59,20
09/28/2022,3.0,6,10,24,33,67,11
10/01/2022,2.0,8,21,22,65,69,26
10/03/2022,4.0,2,16,22,55,63,22
10/05/2022,2.0,26,30,33,37,62,6
10/08/2022,2.0,13,43,53,60,68,5
10/10/2022,2.0,3,6,11,17,22,11
10/12/2022,5.0,14,30,41,42,59,6
10/15/2022,5.0,32,37,40,58,62,15
10/17/2022,3.0,19,30,36,46,60,25
10/19/2022,3.0,6,8,15,27,42,10
10/22/2022,2.0,19,25,48,55,60,18
10/24/2022,4.0,18,23,35,45,54,16
10/26/2022,2.0,19,36,37,46,56,24
10/29/2022,3.0,19,31,40,46,57,23
10/31/2022,3.0,13,19,36,39,59,13
11/02/2022,2.0,2,11,22,35,60,23
11/05/2022,3.0,28,45,53,56,69,20
11/09/2022,2.0,7,14,24,30,56,7
11/12/2022,4.0,16,20,44,57,58,6
11/14/2022,2.0,19,35,53,54,67,21
11/16/2022,2.0,28,34,51,53,56,11
11/19/2022,3.0,7,28,62,63,64,10
11/21/2022,2.0,1,6,40,51,67,2
11/23/2022,2.0,1,2,31,39,66,25
11/26/2022,10.0,15,30,47,50,51,3
11/28/2022,2.0,29,30,32,48,50,20
11/30/2022,2.0,4,19,24,47,66,10
12/03/2022,4.0,6,13,33,36,37,7
12/05/2022,2.0,35,45,47,54,55,14
12/07/2022,2.0,6,28,44,59,61,21
12/10/2022,2.0,9,23,47,49,68,19
12/12/2022,4.0,16,31,50,55,61,9
12/14/2022,10.0,36,51,59,66,68,25
12/17/2022,2.0,33,56,64,66,68,12
12/19/2022,5.0,7,37,55,65,67,12
12/21/2022,2.0,12,15,24,34,59,14
12/24/2022,3.0,17,37,46,54,67,8
12/26/2022,3.0,17,41,47,60,61,17
12/28/2022,2.0,26,32,38,45,56,1
12/31/2022,3.0,18,37,44,50,64,11
01/02/2023,2.0,7,9,12,31,62,22
01/04/2023,3.0,12,32,56,67,68,26
01/07/2023,3.0,35,36,44,45,67,14
01/09/2023,3.0,18,43,48,60,69,14
01/11/2023,3.0,4,8,46,47,48,5
01/14/2023,2.0,24,26,39,47,57,23
01/16/2023,3.0,4,14,33,39,61,3
01/18/2023,3.0,6,15,22,42,47,26
01/21/2023,4.0,5,14,19,46,64,22
01/23/2023,3.0,12,31,47,58,60,23
01/25/2023,2.0,9,17,20,38,40,18
01/28/2023,4.0,2,18,23,27,47,15
01/30/2023,2.0,1,4,12,36,49,5
02/01/2023,2.0,31,43,58,59,66,9
02/04/2023,2.0,2,8,15,19,58,10
02/06/2023,2.0,5,11,22,23,69,7
02/08/2023,2.0,52,58,59,64,66,9
02/11/2023,4.0,10,23,30,54,65,11
02/13/2023,2.0,17,26,37,61,65,2
02/15/2023,4.0,31,32,54,60,63,12
02/18/2023,4.0,8,21,31,32,37,23
02/20/2023,3.0,3,17,26,38,54,15
02/22/2023,2.0,11,19,39,44,65,7
02/25/2023,3.0,11,24,58,66,67,26
02/27/2023,2.0,16,28,49,51,55,23
03/01/2023,2.0,2,9,28,36,53,4
03/04/2023,3.0,10,16,18,40,66,16
03/06/2023,3.0,2,13,29,58,69,4
03/08/2023,3.0,26,27,43,61,69,4
03/11/2023,2.0,11,20,33,43,58,24
03/13/2023,2.0,3,10,24,46,63,4
03/15/2023,2.0,16,18,33,37,50,8
03/18/2023,2.0,14,20,30,54,69,11
03/20/2023,2.0,1,27,32,47,67,14
03/22/2023,2.0,27,28,37,50,57,5
03/25/2023,2.0,15,17,18,47,57,19
03/27/2023,3.0,19,26,36,43,58,14
03/29/2023,3.0,4,9,24,46,66,7
04/01/2023,4.0,11,19,21,29,52,17
04/03/2023,2.0,16,30,31,54,68,1
04/05/2023,2.0,3,5,9,42,52,11
04/08/2023,3.0,11,22,24,51,60,18
04/10/2023,2.0,9,10,36,46,52,14
04/12/2023,2.0,9,36,41,44,59,4
04/15/2023,3.0,1,33,34,56,59,18
04/17/2023,3.0,23,25,35,63,64,25
04/19/2023,3.0,4,11,21,38,64,11
04/22/2023,2.0,17,36,47,63,68,25
04/24/2023,2.0,19,21,55,66,68,3
04/26/2023,2.0,2,15,30,35,49,6
04/29/2023,2.0,16,53,54,57,65,8
05/01/2023,3.0,3,38,55,61,66,1
05/03/2023,3.0,21,26,30,45,47,23
05/06/2023,2.0,31,39,47,51,53,6
05/08/2023,2.0,15,20,33,36,43,12
05/10/2023,10.0,21,24,33,55,69,3
05/13/2023,2.0,3,15,20,23,46,11
05/15/2023,2.0,1,26,28,55,58,25
05/17/2023,2.0,18,34,37,45,51,14
05/20/2023,2.0,17,23,32,38,63,23
05/22/2023,4.0,9,38,48,52,68,25
05/24/2023,3.0,12,21,44,50,58,26
05/27/2023,2.0,24,38,39,48,56,4
05/29/2023,2.0,21,33,35,62,64,24
05/31/2023,3.0,2,4,54,61,62,14
06/03/2023,2.0,15,45,64,67,68,18
06/05/2023,2.0,2,31,45,46,49,20
06/07/2023,5.0,16,21,29,53,66,2
06/10/2023,3.0,21,32,42,46,50,4
06/12/2023,2.0,2,3,16,23,68,7
06/14/2023,2.0,3,20,36,42,64,4
06/17/2023,2.0,2,12,45,61,64,26
06/19/2023,3.0,36,39,52,57,69,1
06/21/2023,2.0,5,11,33,35,63,14
06/24/2023,3.0,2,38,44,50,62,19
06/26/2023,4.0,6,28,39,43,54,12
06/28/2023,5.0,19,25,34,57,68,4
07/01/2023,2.0,4,17,35,49,61,8
07/03/2023,3.0,15,26,31,38,61,3
07/05/2023,2.0,17,24,48,62,68,23
07/08/2023,2.0,7,23,24,32,43,18
07/10/2023,2.0,2,24,34,53,58,13
07/12/2023,3.0,23,35,45,66,67,20
07/15/2023,2.0,2,9,43,55,57,18
07/17/2023,4.0,5,8,9,17,41,21
07/19/2023,2.0,7,10,11,13,24,24
07/22/2023,2.0,25,27,36,37,63,7
07/24/2023,2.0,3,4,12,28,49,25
07/26/2023,2.0,3,16,40,48,60,14
06/09/2021,2.0,19,28,46,50,54,9
07/29/2023,3.0,10,25,27,34,38,2
07/31/2023,2.0,2,11,48,58,65,13
08/02/2023,2.0,23,24,33,51,64,5
08/05/2023,2.0,18,42,44,62,65,23
08/07/2023,2.0,6,13,20,35,54,22
08/09/2023,2.0,10,15,21,67,69,3
08/12/2023,2.0,19,21,37,50,65,26
08/14/2023,2.0,32,34,37,39,47,3
08/16/2023,2.0,9,11,17,19,55,1
08/19/2023,2.0,1,25,27,38,62,13
08/21/2023,2.0,3,4,12,22,28,16
08/23/2023,2.0,25,30,32,33,55,20
08/26/2023,3.0,20,22,26,28,63,5
08/28/2023,2.0,4,6,25,55,68,26
08/30/2023,2.0,4,13,35,61,69,4
09/02/2023,4.0,25,38,42,66,67,19
09/04/2023,3.0,1,26,32,46,51,13
09/06/2023,3.0,9,14,20,23,63,1
09/09/2023,2.0,11,19,29,63,68,25
09/11/2023,2.0,9,25,27,53,66,5
09/13/2023,3.0,22,30,37,44,45,18
09/16/2023,2.0,8,11,19,24,46,5
09/18/2023,3.0,2,21,26,40,42,9
09/20/2023,3.0,16,27,59,62,63,23
09/23/2023,2.0,1,12,20,33,66,21
09/25/2023,2.0,10,12,22,36,50,4
09/27/2023,3.0,1,7,46,47,63,7
09/30/2023,2.0,19,30,37,44,46,22
10/02/2023,2.0,12,26,27,43,47,5
10/04/2023,2.0,9,35,54,63,64,1
10/07/2023,3.0,47,54,57,60,65,19
10/09/2023,3.0,16,34,46,55,67,14
10/11/2023,2.0,22,24,40,52,64,10
10/14/2023,2.0,14,16,42,48,64,14
10/16/2023,3.0,2,27,31,44,64,18
10/18/2023,2.0,1,4,13,35,58,24
10/21/2023,2.0,6,15,24,67,68,11
11/18/2023,2.0,34,50,51,61,67,20
10/23/2023,5.0,18,21,25,46,64,21
10/25/2023,2.0,25,27,41,53,68,2
10/28/2023,2.0,14,24,50,59,64,2
10/30/2023,3.0,19,22,34,66,69,5
11/01/2023,3.0,22,26,39,47,63,12
11/04/2023,2.0,1,28,30,34,52,6
11/06/2023,2.0,12,25,40,59,61,26
11/08/2023,2.0,14,21,33,39,62,20
11/11/2023,4.0,1,12,14,24,57,7
11/13/2023,2.0,24,33,35,37,42,21
11/15/2023,3.0,3,4,51,53,60,6
11/20/2023,2.0,19,26,30,39,63,13
11/22/2023,2.0,20,24,33,39,42,21
11/25/2023,2.0,27,33,63,66,68,9
11/27/2023,2.0,2,21,38,61,66,12
11/29/2023,2.0,6,47,50,61,68,4
12/02/2023,2.0,28,35,41,47,60,3
12/04/2023,3.0,18,19,27,28,45,9
12/06/2023,3.0,2,12,37,56,65,21
12/09/2023,2.0,5,25,26,40,60,1
12/11/2023,3.0,1,24,27,31,62,20
12/13/2023,2.0,3,8,41,56,64,18
12/16/2023,3.0,3,9,10,20,62,25
12/18/2023,3.0,5,8,19,34,39,26
12/20/2023,2.0,27,35,41,56,60,16
12/23/2023,3.0,9,14,17,18,53,6
12/25/2023,2.0,5,12,20,24,29,4
12/27/2023,3.0,4,11,38,51,68,5
12/30/2023,4.0,10,11,26,27,34,7
01/01/2024,3.0,12,21,42,44,49,1
01/03/2024,10.0,30,31,38,48,68,8
01/06/2024,2.0,4,31,34,38,61,13
01/08/2024,3.0,7,17,28,40,45,2
01/10/2024,2.0,25,40,43,48,50,11
01/13/2024,2.0,13,31,33,51,58,15
01/15/2024,3.0,13,30,35,49,59,4
01/17/2024,4.0,18,22,43,61,65,2
01/20/2024,3.0,16,31,34,47,65,10
01/22/2024,2.0,24,25,43,52,63,21
01/24/2024,4.0,1,5,32,50,64,8
01/27/2024,2.0,7,38,65,66,68,21
01/29/2024,2.0,39,41,43,49,64,4
01/31/2024,2.0,15,18,19,41,43,14
02/03/2024,3.0,9,11,27,59,66,19
02/05/2024,5.0,1,2,27,30,67,9
02/07/2024,3.0,12,21,62,67,69,17
02/10/2024,2.0,27,28,34,37,44,8
02/12/2024,2.0,17,36,43,53,67,14
02/14/2024,2.0,1,4,45,47,67,18
02/17/2024,3.0,6,28,59,62,69,21
02/19/2024,3.0,4,23,45,50,53,17
02/21/2024,2.0,4,27,33,41,42,14
02/24/2024,3.0,3,8,40,53,58,3
02/26/2024,3.0,24,29,42,51,54,16
02/28/2024,2.0,16,26,29,38,50,6
03/02/2024,2.0,3,18,27,36,53,12
03/04/2024,2.0,36,42,50,52,67,26
03/06/2024,2.0,6,19,28,44,60,10
03/09/2024,5.0,30,36,49,52,63,16
03/11/2024,5.0,1,3,7,16,66,5
03/13/2024,2.0,21,29,54,59,62,4
03/16/2024,2.0,12,23,44,57,61,5
03/18/2024,3.0,10,17,20,39,44,16
03/20/2024,2.0,13,22,27,54,66,9
03/23/2024,2.0,6,23,25,34,51,3
03/25/2024,2.0,7,11,19,53,68,23
03/27/2024,2.0,37,46,57,60,66,8
03/30/2024,3.0,12,13,33,50,52,23
04/01/2024,2.0,19,24,40,42,56,23
04/03/2024,3.0,11,38,41,62,65,15
04/06/2024,3.0,22,27,44,52,69,9
04/08/2024,2.0,6,21,23,39,54,23
04/10/2024,2.0,6,7,12,24,36,15
04/13/2024,5.0,7,33,40,43,69,10
04/15/2024,3.0,7,16,41,56,61,23
04/17/2024,2.0,24,29,44,47,54,2
04/20/2024,3.0,4,35,41,44,58,25
04/22/2024,2.0,12,16,33,39,52,1
04/24/2024,4.0,2,20,22,26,47,21
04/27/2024,3.0,9,30,53,55,62,23
04/29/2024,2.0,11,38,47,67,69,14
05/01/2024,2.0,1,11,19,21,68,15
05/04/2024,2.0,14,20,23,53,69,4
05/06/2024,2.0,7,23,24,56,60,25
05/08/2024,2.0,7,41,43,44,51,5
05/11/2024,2.0,3,6,39,49,67,21
05/13/2024,2.0,5,14,29,38,66,1
05/15/2024,2.0,19,42,45,55,69,6
05/18/2024,2.0,19,36,37,42,59,19
05/20/2024,2.0,1,7,48,64,68,5
05/22/2024,3.0,5,16,18,26,67,4
05/25/2024,3.0,6,33,35,36,64,24
05/27/2024,5.0,9,30,39,49,59,21
05/29/2024,2.0,17,34,56,60,61,9
06/01/2024,2.0,28,38,52,54,68,8
06/03/2024,2.0,19,29,35,36,45,16
06/05/2024,3.0,8,44,45,51,69,12
06/08/2024,3.0,8,38,52,54,64,15
06/10/2024,2.0,3,10,33,58,59,9
06/12/2024,2.0,19,30,31,61,62,21
06/15/2024,3.0,4,36,48,54,56,2
06/17/2024,2.0,30,48,53,58,66,9
06/19/2024,3.0,4,27,44,50,64,7
06/22/2024,2.0,4,5,15,32,62,21
06/24/2024,2.0,5,6,36,53,69,8
06/26/2024,5.0,4,9,36,47,56,7
06/29/2024,3.0,26,51,54,61,69,25
07/01/2024,2.0,5,9,32,39,55,9
07/03/2024,2.0,2,26,33,55,57,22
07/06/2024,2.0,5,32,35,39,49,21
07/08/2024,3.0,20,22,31,33,45,1
07/10/2024,3.0,7,11,12,27,46,26
07/13/2024,2.0,9,55,59,66,69,21
07/15/2024,3.0,9,31,39,40,45,23
07/17/2024,2.0,24,27,32,47,66,26
07/20/2024,3.0,18,25,31,40,57,4
07/22/2024,2.0,31,36,56,58,69,20
07/24/2024,2.0,16,42,59,63,68,13
07/27/2024,3.0,3,31,37,40,64,17
07/29/2024,3.0,11,27,30,33,44,16
07/31/2024,2.0,23,34,37,50,58,7
08/03/2024,3.0,13,33,40,60,61,20
08/05/2024,2.0,29,42,44,51,54,12
08/07/2024,3.0,6,19,35,47,57,9
08/10/2024,2.0,9,24,33,64,69,9
08/12/2024,3.0,9,22,57,67,68,14
08/14/2024,2.0,8,9,23,29,62,13
08/17/2024,5.0,12,31,43,45,46,22
08/19/2024,2.0,1,2,15,23,28,10
08/21/2024,2.0,27,31,33,38,67,3
08/24/2024,3.0,5,15,21,24,43,17
08/26/2024,3.0,2,4,23,68,69,15
08/28/2024,2.0,5,33,47,50,64,20
08/31/2024,2.0,4,34,35,38,69,19
09/02/2024,3.0,8,42,46,48,53,22
09/04/2024,3.0,7,10,21,33,59,20
09/07/2024,2.0,14,34,37,55,63,20
09/09/2024,3.0,1,16,21,47,60,5
09/11/2024,3.0,10,12,55,65,67,3
09/23/2024,3.0,15,21,25,37,45,19
09/14/2024,2.0,29,34,38,48,56,16
09/16/2024,5.0,8,9,11,27,31,17
09/18/2024,4.0,1,11,22,47,68,7
09/21/2024,2.0,17,19,21,37,45,14
09/25/2024,2.0,2,26,45,46,52,21
09/28/2024,3.0,3,11,13,24,39,22
09/30/2024,2.0,9,11,30,43,69,20
10/02/2024,3.0,1,2,21,37,43,21
10/05/2024,2.0,2,12,46,52,65,3
10/07/2024,2.0,18,30,31,52,63,22
10/09/2024,3.0,25,32,43,53,66,10
10/12/2024,3.0,5,14,20,41,57,6
10/14/2024,2.0,14,18,33,64,67,14
10/16/2024,2.0,4,30,39,44,60,11
10/19/2024,3.0,7,16,19,45,64,25
10/21/2024,2.0,1,25,57,62,64,15
10/23/2024,2.0,2,15,27,29,39,20
10/26/2024,2.0,8,12,40,45,51,15
10/28/2024,2.0,21,27,32,48,67,17
10/30/2024,3.0,13,22,29,43,58,22
11/02/2024,3.0,10,45,48,58,61,2
11/04/2024,10.0,6,18,33,48,53,21
11/06/2024,2.0,12,17,37,58,62,4
11/09/2024,2.0,11,24,50,56,66,16
11/11/2024,3.0,3,21,24,34,46,9
11/13/2024,2.0,9,20,26,43,58,9
11/16/2024,5.0,21,22,25,32,38,16
11/18/2024,3.0,27,31,41,52,69,26
11/20/2024,3.0,16,30,60,62,64,25
11/23/2024,3.0,12,13,34,44,67,8
11/25/2024,2.0,5,35,45,60,63,12
11/27/2024,5.0,1,6,7,13,40,5
11/30/2024,4.0,4,24,29,39,63,25
12/02/2024,2.0,3,9,26,61,67,13
12/04/2024,2.0,1,23,25,28,61,13
12/07/2024,2.0,1,31,43,55,57,22
12/09/2024,2.0,35,37,40,45,51,24
12/11/2024,2.0,13,44,50,52,54,20
12/14/2024,2.0,12,17,23,52,67,1
12/16/2024,2.0,9,30,33,57,61,17
12/18/2024,2.0,6,15,18,33,49,7
12/21/2024,3.0,1,12,17,21,58,1
12/23/2024,2.0,22,42,44,57,64,18
12/25/2024,3.0,15,26,27,30,35,3
12/28/2024,2.0,6,31,51,54,55,12
12/30/2024,3.0,9,19,33,38,39,1
01/01/2025,3.0,6,12,28,35,66,26
01/04/2025,2.0,26,32,43,54,56,24
01/06/2025,2.0,17,34,46,66,67,14
01/08/2025,2.0,1,20,36,38,43,24
01/11/2025,3.0,3,6,32,37,65,4
01/13/2025,2.0,4,6,16,39,66,9
01/15/2025,3.0,8,41,52,53,58,7
01/18/2025,2.0,14,31,35,64,69,23
01/20/2025,3.0,15,16,32,47,54,6
01/22/2025,2.0,5,6,27,40,49,5
01/25/2025,3.0,8,15,17,53,66,14
01/27/2025,2.0,2,40,47,53,55,20
01/29/2025,3.0,8,12,31,33,38,18
02/01/2025,2.0,23,29,32,49,61,8
02/03/2025,3.0,12,37,47,54,60,17
02/05/2025,3.0,19,27,30,50,62,14
02/08/2025,2.0,23,44,57,60,62,9
02/10/2025,3.0,2,17,18,29,43,3
02/12/2025,2.0,21,32,36,45,49,18
02/15/2025,2.0,3,16,45,54,56,12
02/17/2025,4.0,4,44,47,52,57,9
02/19/2025,2.0,6,21,28,49,60,20
02/22/2025,2.0,7,18,22,50,65,15
02/24/2025,3.0,10,11,34,59,68,14
02/26/2025,2.0,28,48,55,60,62,20
03/01/2025,3.0,2,23,36,44,49,25
03/03/2025,2.0,18,20,50,52,56,20
03/05/2025,3.0,24,28,40,63,65,20
03/08/2025,3.0,2,4,16,23,63,13
03/10/2025,2.0,17,40,47,50,55,6
03/12/2025,2.0,11,13,28,51,58,1
03/15/2025,3.0,12,28,33,36,54,5
03/17/2025,2.0,11,18,23,38,60,9
03/19/2025,2.0,8,11,21,49,59,15
03/22/2025,3.0,6,7,25,46,57,12
03/24/2025,2.0,6,23,35,36,47,12
03/26/2025,3.0,5,20,29,39,53,6
03/29/2025,3.0,7,11,21,53,61,2
03/31/2025,2.0,12,41,44,52,64,25
04/02/2025,2.0,5,17,41,64,69,1
04/05/2025,4.0,4,23,30,46,62,2
04/07/2025,2.0,20,23,48,59,66,4
04/09/2025,4.0,4,29,37,55,67,10
04/12/2025,2.0,16,22,44,45,53,19
04/14/2025,3.0,3,20,30,52,62,1
04/16/2025,3.0,20,24,42,43,49,19
04/19/2025,3.0,7,25,37,39,63,1
04/21/2025,3.0,4,33,45,46,51,25
04/23/2025,2.0,15,44,63,66,69,20
04/26/2025,3.0,1,12,14,18,69,2
04/28/2025,4.0,26,43,51,56,60,24
04/30/2025,2.0,1,2,3,57,59,9
05/03/2025,2.0,10,21,23,35,65,24
05/05/2025,2.0,16,34,40,45,66,19
05/07/2025,3.0,14,15,30,40,59,20
05/10/2025,2.0,5,20,28,39,42,13
05/12/2025,3.0,15,16,41,48,60,21
05/14/2025,3.0,4,10,24,29,53,4
05/17/2025,2.0,7,34,40,42,52,15
05/19/2025,2.0,13,14,37,50,60,11
05/21/2025,2.0,9,29,31,34,43,2
05/24/2025,3.0,12,18,28,48,52,5
05/26/2025,2.0,13,47,52,64,67,25
05/28/2025,2.0,23,27,32,35,59,11
05/31/2025,2.0,1,29,37,56,68,13
06/02/2025,3.0,1,7,44,57,61,21
06/04/2025,10.0,5,17,23,35,45,24
06/07/2025,2.0,31,36,43,48,62,25
06/09/2025,4.0,30,33,40,43,52,25
06/11/2025,2.0,13,25,29,37,53,3
06/14/2025,3.0,4,6,9,23,59,25
06/16/2025,5.0,17,21,23,27,52,19
06/18/2025,2.0,23,29,50,64,67,11
06/21/2025,3.0,3,16,32,52,62,24
06/23/2025,3.0,5,25,42,44,65,20
06/25/2025,3.0,2,12,37,51,61,22
06/28/2025,2.0,4,35,43,52,62,12
06/30/2025,4.0,13,28,44,52,55,6
07/02/2025,2.0,7,19,21,54,63,21
07/05/2025,2.0,1,28,34,50,58,8
07/07/2025,5.0,33,35,58,61,69,25
07/09/2025,2.0,5,9,25,28,69,5
07/12/2025,2.0,8,16,24,33,54,18
07/14/2025,2.0,8,12,45,46,63,24
07/16/2025,2.0,4,21,43,48,49,22
07/19/2025,3.0,28,48,51,61,69,20
07/21/2025,2.0,8,11,28,33,42,2
